{
    "version": "0.1.0",
    "name": "pdas",
    "instructions": [
      {
        "name": "createLedger",
        "accounts": [
          {
            "name": "ledgerAccount",
            "isMut": true,
            "isSigner": false
          },
          {
            "name": "wallet",
            "isMut": true,
            "isSigner": true
          },
          {
            "name": "systemProgram",
            "isMut": false,
            "isSigner": false
          }
        ],
        "args": [
          {
            "name": "color",
            "type": "string"
          }
        ]
      },
      {
        "name": "modifyLedger",
        "accounts": [
          {
            "name": "ledgerAccount",
            "isMut": true,
            "isSigner": false
          },
          {
            "name": "wallet",
            "isMut": true,
            "isSigner": true
          }
        ],
        "args": [
          {
            "name": "newBalance",
            "type": "u32"
          }
        ]
      }
    ],
    "accounts": [
      {
        "name": "Ledger",
        "type": {
          "kind": "struct",
          "fields": [
            {
              "name": "color",
              "type": "string"
            },
            {
              "name": "balance",
              "type": "u32"
            }
          ]
        }
      }
    ],
    "metadata": {
      "address": "4NWufuzhXWArijeNabExhnqsgJ3bMESHrbpbp5BJBceH"
    }
  }